-70.68565, 0, 0 ,1,1
-67.69279, 0.1229572, -0.06994534 ,1,1
-64.69333, 0.1337928, -0.1231368 ,1,1
-61.69361, 0.1279997, -0.1642276 ,1,1
-58.69375, 0.1104993, -0.1828141 ,1,1
-55.69384, 0.09031868, -0.1962488 ,1,1
-52.694, 0.06463495, -0.1812403 ,1,1
-49.6942, 0.03840885, -0.1613432 ,1,1
-46.69471, 0.01051077, -0.1137431 ,1,1
-43.69547, -0.01733771, -0.053689 ,1,1
-40.69662, -0.04511425, 0.02445483 ,1,1
-37.6986, -0.0718154, 0.1296116 ,1,1
-34.70134, -0.09737149, 0.2543989 ,1,1
-31.70514, -0.1213269, 0.4027092 ,1,1
-28.71041, -0.1430822, 0.5787246 ,1,1
-25.71765, -0.1620733, 0.7857664 ,1,1
-22.72741, -0.1778042, 1.026528 ,1,1
-19.7403, -0.1897917, 1.303764 ,1,1
-16.75797, -0.196665, 1.628337 ,1,1
-13.78153, -0.1978944, 2.003037 ,1,1
-10.81352, -0.1919574, 2.439351 ,1,1
-7.857806, -0.1768872, 2.951951 ,1,1
-4.920269, -0.1501786, 3.559374 ,1,1
-3.028111, -0.129473, 5.362771 ,1,1
-2.325847, -0.1264744, 8.279171 ,1,1
-1.7497, -0.1228429, 11.22308 ,1,1
-1.303182, -0.1185537, 14.1894 ,1,1
-0.9838215, -0.1136067, 17.17212 ,1,1
-0.7857475, -0.1080117, 20.16535 ,1,1
-0.6976707, -0.1017971, 23.16389 ,1,1
-0.704464, -0.09499756, 26.16376 ,1,1
-0.785494, -0.08760288, 29.16255 ,1,1
-0.9086018, -0.07965657, 32.16002 ,1,1
-1.03171, -0.07171026, 35.15747 ,1,1
-1.139998, -0.06355909, 38.15547 ,1,1
-1.177076, -0.05516002, 41.15512 ,1,1
-1.101997, -0.04683104, 44.15392 ,1,1
-0.873204, -0.03874722, 47.14472 ,1,1
-0.4536757, -0.03109288, 50.1146 ,1,1
0.1820569, -0.02404022, 53.04569 ,1,1
1.237282, -0.01847589, 55.79854 ,1,1
3.559538, -0.01782924, 57.69756 ,1,1
5.964856, -0.01686874, 59.48965 ,1,1
8.511927, -0.01551428, 61.07171 ,1,1
11.26401, -0.01371506, 62.2542 ,1,1
14.20873, -0.01158237, 62.7827 ,1,1
17.19485, -0.009455025, 62.57183 ,1,1
20.0949, -0.007602632, 61.81413 ,1,1
22.89458, -0.00607875, 60.73864 ,1,1
25.62164, -0.004843831, 59.48908 ,1,1
28.30307, -0.003844917, 58.14396 ,1,1
30.94076, -0.003047228, 56.71656 ,1,1
31.89019, -0.002948374, 53.93518 ,1,1
32.64463, -0.002898455, 51.03165 ,1,1
33.34583, -0.002845496, 48.11482 ,1,1
33.9978, -0.002789855, 45.18657 ,1,1
34.59669, -0.002731472, 42.247 ,1,1
35.15269, -0.002670974, 39.299 ,1,1
35.66023, -0.00260821, 36.34227 ,1,1
36.12814, -0.002543718, 33.37903 ,1,1
36.55193, -0.002477378, 30.40914 ,1,1
36.93559, -0.002409518, 27.43382 ,1,1
37.2819, -0.002340317, 24.45391 ,1,1
37.59157, -0.002269894, 21.46997 ,1,1
37.86241, -0.002198309, 18.48223 ,1,1
38.09651, -0.00212574, 15.49141 ,1,1
38.29639, -0.002052367, 12.49811 ,1,1
38.46221, -0.001978278, 9.502746 ,1,1
38.5948, -0.001903594, 6.505718 ,1,1
38.69419, -0.001828462, 3.507409 ,1,1
38.76111, -0.001752973, 0.5081859 ,1,1
38.79547, -0.001677215, -2.491583 ,1,1
38.79784, -0.001601338, -5.491557 ,1,1
38.76802, -0.001525462, -8.491405 ,1,1
38.70646, -0.001449674, -11.49073 ,1,1
38.61338, -0.001374096, -14.48927 ,1,1
38.48808, -0.001298845, -17.48662 ,1,1
38.33114, -0.001224071, -20.48249 ,1,1
38.14195, -0.001149863, -23.47651 ,1,1
37.91908, -0.00107637, -26.46823 ,1,1
37.66236, -0.001003802, -29.4572 ,1,1
37.37173, -0.0009322464, -32.44307 ,1,1
37.047, -0.0008618534, -35.42541 ,1,1
36.6874, -0.0007928014, -38.40374 ,1,1
36.29247, -0.0007252395, -41.37759 ,1,1
35.86137, -0.0006593466, -44.34644 ,1,1
35.38679, -0.000595659, -47.30861 ,1,1
34.87383, -0.0005340874, -50.2644 ,1,1
34.32017, -0.0004749, -53.21283 ,1,1
33.71899, -0.0004187226, -56.15194 ,1,1
33.0728, -0.0003656149, -59.08146 ,1,1
32.37682, -0.0003160536, -61.99958 ,1,1
31.62535, -0.0002707243, -64.90392 ,1,1
29.79334, -0.0002401769, -66.80196 ,1,1
26.88315, -0.0002234876, -67.5303 ,1,1
23.95838, -0.0002075434, -68.19771 ,1,1
21.02081, -0.0001924038, -68.80621 ,1,1
18.07207, -0.0001780093, -69.35825 ,1,1
15.11316, -0.0001643598, -69.85269 ,1,1
12.14606, -0.0001514554, -70.29532 ,1,1
9.172205, -0.0001392066, -70.69001 ,1,1
6.191925, -0.0001276731, -71.03292 ,1,1
3.207057, -0.0001167953, -71.3335 ,1,1
0.2178209, -0.0001065731, -71.58662 ,1,1
-2.774438, -9.697676E-05, -71.80143 ,1,1
-5.769204, -8.794665E-05, -71.97865 ,1,1
-8.766031, -7.95424E-05, -72.11654 ,1,1
-11.76419, -7.173419E-05, -72.22065 ,1,1
-14.76326, -6.443262E-05, -72.29442 ,1,1
-17.76291, -5.766749E-05, -72.34105 ,1,1
-20.76284, -5.152822E-05, -72.35663 ,1,1
-23.76281, -4.592538E-05, -72.35038 ,1,1
-26.76273, -4.059076E-05, -72.33219 ,1,1
-29.76248, -3.632903E-05, -72.29412 ,1,1
-32.76216, -3.245473E-05, -72.24909 ,1,1
-35.7618, -2.858043E-05, -72.20407 ,1,1
-38.76147, -2.470613E-05, -72.15904 ,1,1
-41.76115, -2.095103E-05, -72.11767 ,1,1
-44.76115, -1.820922E-05, -72.10626 ,1,1
-47.76091, -1.573563E-05, -72.13618 ,1,1
-50.75909, -1.347065E-05, -72.23823 ,1,1
-53.75055, -1.132488E-05, -72.45972 ,1,1
-56.71766, -8.970499E-06, -72.8948 ,1,1
-59.10625, -6.884336E-06, -74.34066 ,1,1
-60.36285, -6.258488E-06, -77.06274 ,1,1
-61.37838, -5.811453E-06, -79.88503 ,1,1
-62.25309, -5.424023E-06, -82.75452 ,1,1
-63.03388, -5.096197E-06, -85.65098 ,1,1
-63.74516, -4.798174E-06, -88.56538 ,1,1
-64.40395, -4.529953E-06, -91.49209 ,1,1
-65.0162, -4.291534E-06, -94.42893 ,1,1
-65.59197, -4.082918E-06, -97.37317 ,1,1
-66.13698, -3.874302E-06, -100.3232 ,1,1
-66.65648, -3.695488E-06, -103.2779 ,1,1
-67.14874, -3.516674E-06, -106.2372 ,1,1
-67.61713, -3.367662E-06, -109.2004 ,1,1
-68.07242, -3.218651E-06, -112.1656 ,1,1
-68.50205, -3.069639E-06, -115.1347 ,1,1
-68.92007, -2.920628E-06, -118.1054 ,1,1
-69.31828, -2.801418E-06, -121.0788 ,1,1
-69.70862, -2.682209E-06, -124.0533 ,1,1
-70.07535, -2.563E-06, -127.0308 ,1,1
-70.44208, -2.44379E-06, -130.0083 ,1,1
-70.7815, -2.324581E-06, -132.989 ,1,1
-71.11685, -2.235174E-06, -135.9702 ,1,1
-71.44689, -2.115965E-06, -138.952 ,1,1
-71.75077, -2.026558E-06, -141.9366 ,1,1
-72.05465, -1.937151E-06, -144.9211 ,1,1
-72.3527, -1.847744E-06, -147.9063 ,1,1
-72.62503, -1.788139E-06, -150.8938 ,1,1
-72.89737, -1.698732E-06, -153.8815 ,1,1
-73.16971, -1.609325E-06, -156.8691 ,1,1
-73.41329, -1.549721E-06, -159.8592 ,1,1
-73.65424, -1.490116E-06, -162.8495 ,1,1
-73.89518, -1.400709E-06, -165.8398 ,1,1
-74.12051, -1.341105E-06, -168.8313 ,1,1
-74.33029, -1.2815E-06, -171.824 ,1,1
-74.54008, -1.221895E-06, -174.8166 ,1,1
-74.74988, -1.162291E-06, -177.8093 ,1,1
-74.92989, -1.102686E-06, -180.8038 ,1,1
-75.1086, -1.043081E-06, -183.7985 ,1,1
-75.28729, -9.834766E-07, -186.7932 ,1,1
-75.45407, -9.536743E-07, -189.7885 ,1,1
-75.60196, -8.940697E-07, -192.7849 ,1,1
-75.74986, -8.34465E-07, -195.7812 ,1,1
-75.89774, -8.046627E-07, -198.7776 ,1,1
-76.01794, -7.748604E-07, -201.7751 ,1,1
-76.13496, -7.152557E-07, -204.7729 ,1,1
-76.25198, -6.854534E-07, -207.7706 ,1,1
-76.355, -6.258488E-07, -210.7688 ,1,1
-76.44099, -5.960464E-07, -213.7675 ,1,1
-76.52698, -5.662441E-07, -216.7663 ,1,1
-76.60737, -5.364418E-07, -219.7652 ,1,1
-76.66257, -5.066395E-07, -222.7647 ,1,1
-76.71777, -4.768372E-07, -225.7641 ,1,1
-76.76897, -4.470348E-07, -228.7637 ,1,1
-76.79332, -4.172325E-07, -231.7636 ,1,1
-76.81767, -3.874302E-07, -234.7635 ,1,1
-76.83443, -3.576279E-07, -237.7634 ,1,1
-76.82796, -3.278255E-07, -240.7634 ,1,1
-76.82151, -2.980232E-07, -243.7634 ,1,1
-76.79601, -2.682209E-07, -246.7633 ,1,1
-76.75896, -2.682209E-07, -249.7631 ,1,1
-76.71571, -2.384186E-07, -252.7627 ,1,1
-76.64784, -2.086163E-07, -255.7619 ,1,1
-76.57998, -2.086163E-07, -258.7612 ,1,1
-76.48273, -1.788139E-07, -261.7596 ,1,1
-76.38409, -1.490116E-07, -264.7579 ,1,1
-76.25687, -1.490116E-07, -267.7552 ,1,1
-76.12513, -1.192093E-07, -270.7523 ,1,1
-75.9656, -1.192093E-07, -273.7481 ,1,1
-75.79343, -8.940697E-08, -276.7431 ,1,1
-75.60401, -8.940697E-08, -279.7372 ,1,1
-75.38679, -8.940697E-08, -282.7293 ,1,1
-75.15189, -5.960464E-08, -285.7201 ,1,1
-74.89545, -5.960464E-08, -288.7091 ,1,1
-74.61387, -5.960464E-08, -291.6958 ,1,1
-74.3027, -2.980232E-08, -294.6796 ,1,1
-73.96291, -2.980232E-08, -297.6603 ,1,1
-73.59155, -2.980232E-08, -300.6372 ,1,1
-73.18324, -2.980232E-08, -303.6093 ,1,1
-72.73845, -2.980232E-08, -306.5761 ,1,1
-72.2534, 0, -309.5365 ,1,1
-71.71808, 0, -312.4884 ,1,1
-71.13091, 0, -315.4303 ,1,1
-70.48367, 0, -318.3596 ,1,1
-69.76606, 0, -321.2724 ,1,1
-68.96706, 0, -324.1639 ,1,1
-68.07201, 0, -327.0271 ,1,1
-67.05915, 0, -329.8507 ,1,1
-65.84835, 0.000546813, -332.5822 ,1,1
-63.55711, 0.01040387, -334.5177 ,1,1
-61.13953, 0.01966316, -336.293 ,1,1
-58.61157, 0.02831012, -337.9073 ,1,1
-55.98816, 0.03633928, -339.3618 ,1,1
-53.28447, 0.04375863, -340.6609 ,1,1
-50.51383, 0.05058441, -341.8105 ,1,1
-47.68839, 0.05683967, -342.818 ,1,1
-44.8185, 0.06255028, -343.6912 ,1,1
-41.91368, 0.0677515, -344.44 ,1,1
-38.98108, 0.07246703, -345.0711 ,1,1
-36.02729, 0.07673588, -345.5947 ,1,1
-33.05716, 0.08057562, -346.0157 ,1,1
-30.07519, 0.08402431, -346.3438 ,1,1
-27.08515, 0.08710942, -346.586 ,1,1
-24.08941, 0.08984253, -346.7455 ,1,1
-21.09077, 0.0922673, -346.8329 ,1,1
-18.09085, 0.09438446, -346.8487 ,1,1
-15.09132, 0.09622148, -346.7996 ,1,1
-12.09343, 0.09779882, -346.6907 ,1,1
-9.097925, 0.09913275, -346.5258 ,1,1
-6.105766, 0.100241, -346.3094 ,1,1
-3.117918, 0.1011169, -346.04 ,1,1
-0.1342961, 0.1018039, -345.7279 ,1,1
2.844253, 0.1022884, -345.3701 ,1,1
5.818043, 0.1026045, -344.9744 ,1,1
8.785952, 0.1027349, -344.5371 ,1,1
11.74828, 0.1027038, -344.0639 ,1,1
14.70528, 0.1025235, -343.5576 ,1,1
17.65646, 0.1021956, -343.0188 ,1,1
20.60202, 0.101731, -342.45 ,1,1
23.54197, 0.1011375, -341.8532 ,1,1
26.47645, 0.100421, -341.2297 ,1,1
29.40579, 0.09959415, -340.5825 ,1,1
32.32895, 0.09863749, -339.9077 ,1,1
35.24639, 0.09756538, -339.2086 ,1,1
38.15982, 0.09641591, -338.4934 ,1,1
41.06838, 0.09517008, -337.7584 ,1,1
43.97091, 0.09380683, -336.9999 ,1,1
46.87137, 0.09240338, -336.2335 ,1,1
49.76456, 0.09085885, -335.4403 ,1,1
52.65783, 0.08931431, -334.6471 ,1,1
55.54476, 0.08759984, -333.8312 ,1,1
58.43063, 0.08585694, -333.0115 ,1,1
61.31642, 0.0841141, -332.1919 ,1,1
64.20229, 0.08237121, -331.3722 ,1,1
67.08816, 0.08062831, -330.5525 ,1,1
69.97697, 0.0788807, -329.7434 ,1,1
72.87469, 0.07717016, -328.9673 ,1,1
75.79102, 0.07565838, -328.2641 ,1,1
78.73615, 0.07395294, -327.7253 ,1,1
81.2514, 0.05342141, -326.0923 ,1,1
83.69462, 0.0359765, -324.3516 ,1,1
86.09919, 0.0217092, -322.558 ,1,1
88.46948, 0.01064751, -320.7191 ,1,1
90.80644, 0.00285852, -318.8381 ,1,1
93.10889, -0.0014745, -316.915 ,1,1
95.37427, -0.002088845, -314.9484 ,1,1
97.59892, 0.001380533, -312.9358 ,1,1
99.77882, 0.009276658, -310.8748 ,1,1
101.9086, 0.02204847, -308.7621 ,1,1
103.9804, 0.04034701, -306.5927 ,1,1
105.9835, 0.06503516, -304.3597 ,1,1
107.9071, 0.09690043, -302.058 ,1,1
109.7326, 0.1373181, -299.678 ,1,1
111.4367, 0.1878776, -297.2099 ,1,1
112.9869, 0.2506613, -294.643 ,1,1
114.3358, 0.3284859, -291.9655 ,1,1
115.5972, 0.3245628, -289.2436 ,1,1
116.8173, 0.3052108, -286.5031 ,1,1
117.9663, 0.2749329, -283.7323 ,1,1
119.0161, 0.2363233, -280.9224 ,1,1
119.9396, 0.1923659, -278.0687 ,1,1
120.7124, 0.1461528, -275.1708 ,1,1
121.3139, 0.1007389, -272.2327 ,1,1
121.7303, 0.05894631, -269.2625 ,1,1
121.9557, 0.02313665, -266.2716 ,1,1
121.9906, -0.004839808, -263.2724 ,1,1
121.8442, -0.02387083, -260.2766 ,1,1
121.5279, -0.0332959, -257.2936 ,1,1
121.0576, -0.03300887, -254.331 ,1,1
120.4486, -0.02318007, -251.3938 ,1,1
119.7159, -0.004171878, -248.4849 ,1,1
118.8736, 0.02352464, -245.606 ,1,1
117.9353, 0.05928388, -242.7568 ,1,1
116.91, 0.1027455, -239.9379 ,1,1
115.8096, 0.1531761, -237.1476 ,1,1
114.6415, 0.2101645, -234.3851 ,1,1
113.414, 0.273154, -231.6485 ,1,1
111.9142, 0.3228741, -229.1209 ,1,1
109.376, 0.289672, -227.5224 ,1,1
106.7907, 0.2575751, -226.0011 ,1,1
104.1651, 0.2265412, -224.5504 ,1,1
101.5018, 0.196613, -223.1698 ,1,1
98.80638, 0.1677373, -221.8533 ,1,1
96.07973, 0.1399808, -220.6026 ,1,1
93.32546, 0.1133152, -219.414 ,1,1
90.54521, 0.08777413, -218.2876 ,1,1
87.73951, 0.06343177, -217.2259 ,1,1
84.91032, 0.04031155, -216.2284 ,1,1
82.05931, 0.0184437, -215.2956 ,1,1
79.18703, -0.002095759, -214.4299 ,1,1
76.29429, -0.02120477, -213.6355 ,1,1
73.38313, -0.03887594, -212.9114 ,1,1
70.45362, -0.05492195, -212.2658 ,1,1
67.50785, -0.06931725, -211.6989 ,1,1
64.5471, -0.08192286, -211.2163 ,1,1
61.57308, -0.09260336, -210.8235 ,1,1
58.58803, -0.1012167, -210.5261 ,1,1
55.59459, -0.1075918, -210.3312 ,1,1
52.59599, -0.1115638, -210.2453 ,1,1
49.59634, -0.1129034, -210.278 ,1,1
46.60099, -0.1113795, -210.4387 ,1,1
43.61588, -0.1067994, -210.7351 ,1,1
40.64943, -0.09885243, -211.1802 ,1,1
37.71095, -0.08731416, -211.7827 ,1,1
34.81264, -0.07186678, -212.5558 ,1,1
31.96844, -0.05228978, -213.5078 ,1,1
29.19467, -0.02832535, -214.6489 ,1,1
26.50929, 0.0001793802, -215.9845 ,1,1
23.93195, 0.03334433, -217.5184 ,1,1
21.48279, 0.07115719, -219.2488 ,1,1
19.10765, 0.0741936, -221.071 ,1,1
17.17789, 0.07974425, -223.3624 ,1,1
15.59509, 0.09214017, -225.909 ,1,1
14.24459, 0.1083527, -228.587 ,1,1
13.05454, 0.1267867, -231.3405 ,1,1
11.9798, 0.1465321, -234.1411 ,1,1
10.99135, 0.1670277, -236.9734 ,1,1
10.06617, 0.1878776, -239.827 ,1,1
9.192692, 0.2088149, -242.6969 ,1,1
8.355555, 0.2296193, -245.5776 ,1,1
7.548126, 0.2500716, -248.4668 ,1,1
6.757111, 0.2702561, -251.3606 ,1,1
5.985549, 0.2883223, -254.2596 ,1,1
5.221918, 0.3055226, -257.1607 ,1,1
4.458286, 0.3227229, -260.0619 ,1,1
3.694654, 0.3399232, -262.963 ,1,1
2.931043, 0.3571231, -265.8641 ,1,1
2.167411, 0.3743234, -268.7653 ,1,1
1.40136, 0.3911467, -271.6658 ,1,1
0.6096845, 0.4039768, -274.5594 ,1,1
-0.1865448, 0.4164501, -277.4517 ,1,1
-1.007257, 0.4270174, -280.3372 ,1,1
-1.847754, 0.4362232, -283.217 ,1,1
-2.711649, 0.443889, -286.0898 ,1,1
-3.602835, 0.4498475, -288.9544 ,1,1
-4.524703, 0.4539617, -291.8092 ,1,1
-5.479797, 0.456146, -294.6531 ,1,1
-6.474194, 0.4561056, -297.4835 ,1,1
-7.510568, 0.4537414, -300.2988 ,1,1
-8.593962, 0.4488173, -303.0962 ,1,1
-9.727777, 0.4411892, -305.8737 ,1,1
-10.91845, 0.4305399, -308.6271 ,1,1
-12.17063, 0.4166493, -311.3533 ,1,1
-13.49183, 0.399135, -314.0464 ,1,1
-14.88824, 0.3776861, -316.7014 ,1,1
-16.36735, 0.3519028, -319.311 ,1,1
-17.93773, 0.3213274, -321.8668 ,1,1
-19.60752, 0.2854999, -324.3587 ,1,1
-21.3865, 0.2438527, -326.7737 ,1,1
-23.283, 0.1958638, -329.0974 ,1,1
-25.30698, 0.1408753, -331.3104 ,1,1
-27.4656, 0.07833567, -333.392 ,1,1
-29.87905, 0.03651878, -335.1429 ,1,1
-32.53705, 0.0450215, -336.5339 ,1,1
-35.21, 0.06192464, -337.8959 ,1,1
-37.89476, 0.08499253, -339.2343 ,1,1
-40.58814, 0.112177, -340.555 ,1,1
-43.28959, 0.1428762, -341.8593 ,1,1
-46.00026, 0.1766761, -343.1443 ,1,1
-48.71409, 0.2115329, -344.4226 ,1,1
-51.43702, 0.2479992, -345.6811 ,1,1
-54.16366, 0.2851064, -346.9318 ,1,1
-56.8903, 0.3222136, -348.1824 ,1,1
-59.62975, 0.3583811, -349.4048 ,1,1
-62.36944, 0.3945245, -350.6265 ,1,1
-65.1092, 0.4306688, -351.8481 ,1,1
-67.85804, 0.4630212, -353.0494 ,1,1
-70.60991, 0.4941065, -354.2437 ,1,1
-73.36178, 0.5251918, -355.4381 ,1,1
-76.1202, 0.5508164, -356.6171 ,1,1
-78.88245, 0.573343, -357.7874 ,1,1
-81.6447, 0.5958697, -358.9576 ,1,1
-84.41644, 0.6066172, -360.1054 ,1,1
-87.18825, 0.6172023, -361.2529 ,1,1
-89.96455, 0.6205254, -362.3896 ,1,1
-92.74567, 0.6159605, -363.5146 ,1,1
-95.53098, 0.602953, -364.6291 ,1,1
-98.32052, 0.581202, -365.7326 ,1,1
-101.117, 0.543407, -366.8183 ,1,1
-103.9193, 0.4902622, -367.8878 ,1,1
-106.7286, 0.4175484, -368.9377 ,1,1
-109.5476, 0.3138196, -369.9581 ,1,1
-112.378, 0.1702967, -370.9421 ,1,1
-115.2681, 0.08853072, -371.7153 ,1,1
-118.2228, 0.08320388, -372.2339 ,1,1
-121.1876, 0.07349542, -372.6915 ,1,1
-124.16, 0.06226104, -373.0975 ,1,1
-127.139, 0.0504086, -373.4506 ,1,1
-130.1234, 0.03842178, -373.7548 ,1,1
-133.1127, 0.0265539, -374.0069 ,1,1
-136.1062, 0.01501957, -374.2021 ,1,1
-139.1031, 0.004003465, -374.3357 ,1,1
-142.1023, -0.006326884, -374.4023 ,1,1
-145.1022, -0.01581931, -374.3964 ,1,1
-148.1006, -0.02423799, -374.3056 ,1,1
-151.0947, -0.03135562, -374.1185 ,1,1
-154.0798, -0.03691605, -373.8218 ,1,1
-157.049, -0.0405452, -373.3949 ,1,1
-159.9913, -0.04177219, -372.8119 ,1,1
-162.8893, -0.03998306, -372.0392 ,1,1
-165.7143, -0.03435296, -371.0329 ,1,1
-168.417, -0.02375931, -369.7351 ,1,1
-170.915, -0.006806076, -368.0791 ,1,1
-173.3902, -0.03251407, -366.5095 ,1,1
-175.1368, -0.05422565, -364.0779 ,1,1
-176.5463, -0.06680807, -361.4306 ,1,1
-177.7968, -0.07524613, -358.7038 ,1,1
-178.9506, -0.08120742, -355.9347 ,1,1
-180.038, -0.08548412, -353.1388 ,1,1
-181.0761, -0.08851746, -350.3241 ,1,1
-182.0764, -0.09060493, -347.4957 ,1,1
-183.0438, -0.09187219, -344.6561 ,1,1
-183.9832, -0.09244546, -341.8069 ,1,1
-184.9017, -0.09249905, -338.951 ,1,1
-185.8072, -0.09223232, -336.0909 ,1,1
-186.6836, -0.09125003, -333.2217 ,1,1
-187.56, -0.09026781, -330.3526 ,1,1
-188.408, -0.08858863, -327.4749 ,1,1
-189.2539, -0.08685651, -324.5967 ,1,1
-190.0898, -0.08488193, -321.7155 ,1,1
-190.905, -0.08240548, -318.8285 ,1,1
-191.7204, -0.07992885, -315.9413 ,1,1
-192.5356, -0.07745233, -313.0543 ,1,1
-193.3256, -0.07436445, -310.1602 ,1,1
-194.1096, -0.07113066, -307.2643 ,1,1
-194.8935, -0.06789705, -304.3686 ,1,1
-195.6775, -0.06466344, -301.4729 ,1,1
-196.4614, -0.06142962, -298.577 ,1,1
-197.215, -0.05747673, -295.6732 ,1,1
-197.9677, -0.05349988, -292.7691 ,1,1
-198.7203, -0.0495232, -289.8651 ,1,1
-199.4729, -0.04554656, -286.9611 ,1,1
-200.2255, -0.04156968, -284.057 ,1,1
-200.9781, -0.03759304, -281.153 ,1,1
-201.7231, -0.03346071, -278.2469 ,1,1
-202.4521, -0.02900133, -275.3369 ,1,1
-203.1811, -0.02454194, -272.4268 ,1,1
-203.9101, -0.02008232, -269.5166 ,1,1
-204.6391, -0.01562297, -266.6066 ,1,1
-205.368, -0.01116359, -263.6966 ,1,1
-206.097, -0.006703973, -260.7864 ,1,1
-206.826, -0.002244592, -257.8764 ,1,1
-207.1066, 0.0003374517, -254.9251 ,1,1
-207.0434, 0.0003385842, -251.9259 ,1,1
-206.9846, 0.0003153384, -248.9265 ,1,1
-206.9258, 0.0002920628, -245.927 ,1,1
-206.8671, 0.0002688169, -242.9276 ,1,1
-206.8083, 0.0002455711, -239.9281 ,1,1
-206.7495, 0.0002223253, -236.9287 ,1,1
-206.6907, 0.0001990497, -233.9293 ,1,1
-206.6319, 0.0001758039, -230.9298 ,1,1
-206.5732, 0.0001525581, -227.9304 ,1,1
-206.5144, 0.0001293123, -224.9311 ,1,1
-206.4556, 0.0001060367, -221.9315 ,1,1
-206.3968, 8.279085E-05, -218.9322 ,1,1
-206.3381, 5.954504E-05, -215.9326 ,1,1
-206.2793, 3.629923E-05, -212.9333 ,1,1
-206.2205, 1.302361E-05, -209.9339 ,1,1
-206.1617, -1.02222E-05, -206.9344 ,1,1
-206.103, -3.346801E-05, -203.935 ,1,1
-206.0442, -5.671382E-05, -200.9356 ,1,1
-205.9854, -7.998943E-05, -197.9361 ,1,1
-205.9266, -0.0001032352, -194.9367 ,1,1
-205.8678, -0.0001264811, -191.9372 ,1,1
-205.8091, -0.0001497269, -188.9379 ,1,1
-205.7295, 2.270937E-05, -185.9391 ,1,1
-205.3959, 6.833673E-05, -182.9588 ,1,1
-204.8708, 8.791685E-05, -180.0054 ,1,1
-204.2482, 9.340048E-05, -177.0706 ,1,1
-203.5702, 9.030104E-05, -174.1483 ,1,1
-202.8618, 8.091331E-05, -171.2333 ,1,1
-202.1354, 6.690621E-05, -168.3225 ,1,1
-201.4091, 5.286932E-05, -165.4118 ,1,1
-200.6827, 3.886223E-05, -162.5011 ,1,1
-199.9564, 2.485514E-05, -159.5902 ,1,1
-199.23, 1.081824E-05, -156.6796 ,1,1
-198.5146, -3.486872E-06, -153.766 ,1,1
-197.8163, -1.829863E-05, -150.8485 ,1,1
-197.128, -3.251433E-05, -147.9286 ,1,1
-196.459, -4.550815E-05, -145.0041 ,1,1
-195.8104, -5.704165E-05, -142.0751 ,1,1
-195.1774, -6.741285E-05, -139.1426 ,1,1
-194.5672, -7.602572E-05, -136.2053 ,1,1
-193.9841, -8.249283E-05, -133.2626 ,1,1
-193.4227, -8.714199E-05, -130.3156 ,1,1
-192.8856, -8.97944E-05, -127.3642 ,1,1
-192.3747, -9.021163E-05, -124.4082 ,1,1
-191.8917, -8.824468E-05, -121.4472 ,1,1
-191.4381, -8.371472E-05, -118.4818 ,1,1
-191.0145, -7.659197E-05, -115.5118 ,1,1
-190.6224, -6.66976E-05, -112.5377 ,1,1
-190.2627, -5.39422E-05, -109.5594 ,1,1
-189.9361, -3.826618E-05, -106.5772 ,1,1
-189.6437, -1.952052E-05, -103.5916 ,1,1
-189.3616, -0.001011312, -100.6057 ,1,1
-188.8761, -0.01214552, -97.64512 ,1,1
-188.3907, -0.02327916, -94.68472 ,1,1
-187.9053, -0.0344134, -91.72417 ,1,1
-187.4259, -0.04880029, -88.76286 ,1,1
-186.9704, -0.07298163, -85.79793 ,1,1
-186.5533, -0.09896031, -82.82713 ,1,1
-186.1957, -0.1231557, -79.84877 ,1,1
-185.9117, -0.1416159, -76.86228 ,1,1
-185.7079, -0.1511028, -73.86936 ,1,1
-185.5826, -0.1497416, -70.87213 ,1,1
-185.531, -0.1364715, -67.87258 ,1,1
-185.5389, -0.1123071, -64.87266 ,1,1
-185.6, -0.07732466, -61.87363 ,1,1
-185.6981, -0.03404003, -58.87548 ,1,1
-185.7148, -3.874302E-07, -55.88 ,1,1
-185.4997, 0, -52.88774 ,1,1
-185.3245, 0, -49.89302 ,1,1
-185.207, 0, -46.8953 ,1,1
-185.1605, 0, -43.89561 ,1,1
-185.2035, 0, -40.89607 ,1,1
-185.3431, 0, -37.89932 ,1,1
-185.5719, 0, -34.90836 ,1,1
-185.8745, 0, -31.92373 ,1,1
-186.2237, 0, -28.94394 ,1,1
-186.615, -0.0003772378, -25.96972 ,1,1
-187.0123, -0.00081411, -22.99629 ,1,1
-188.0403, -0.01686713, -20.23273 ,1,1
-189.5154, -0.04109928, -17.62068 ,1,1
-191.0196, -0.05891189, -15.02504 ,1,1
-192.5655, -0.06975105, -12.45415 ,1,1
-194.1648, -0.07366005, -9.916115 ,1,1
-195.8377, -0.07016888, -7.425813 ,1,1
-197.6035, -0.0594779, -5.000972 ,1,1
-199.4899, -0.04180145, -2.66857 ,1,1
-201.5226, -0.01815268, -0.4633296 ,1,1
-203.7265, 0.009700745, 1.57044 ,1,1
-206.1145, 0.03896135, 3.384324 ,1,1
-208.6796, 0.06606582, 4.936847 ,1,1
-211.3959, 0.08740035, 6.207423 ,1,1
-214.2246, 0.1001678, 7.203589 ,1,1
-217.1281, 0.1028129, 7.954768 ,1,1
-220.0774, 0.09492019, 8.501062 ,1,1
-223.0529, 0.07673493, 8.881496 ,1,1
-226.0422, 0.04889598, 9.13081 ,1,1
-229.0383, 0.01222199, 9.27795 ,1,1
-231.9601, 5.960464E-08, 8.720395 ,1,1
-234.8403, 1.788139E-07, 7.881212 ,1,1
-237.7132, 2.682209E-07, 7.017025 ,1,1
-240.5766, 3.278255E-07, 6.122385 ,1,1
-243.4293, 4.172325E-07, 5.193428 ,1,1
-246.2684, 4.768372E-07, 4.224541 ,1,1
-249.0892, 5.364418E-07, 3.203721 ,1,1
-251.8864, 5.960464E-07, 2.119593 ,1,1
-254.6521, 6.258488E-07, 0.9575551 ,1,1
-257.3734, 6.258488E-07, -0.3049363 ,1,1
-260.0303, 6.258488E-07, -1.697217 ,1,1
-262.5941, 5.960464E-07, -3.253706 ,1,1
-265.0212, 5.364418E-07, -5.015237 ,1,1
-267.2605, 4.470348E-07, -7.009397 ,1,1
-269.2767, 3.278255E-07, -9.228854 ,1,1
-271.088, 2.384186E-07, -11.61964 ,1,1
-272.7689, 1.490116E-07, -14.10426 ,1,1
-274.4167, 5.960464E-08, -16.61139 ,1,1
-276.0898, 0, -19.10135 ,1,1
-277.8319, 0, -21.54367 ,1,1
-279.0173, 0.01685718, -24.29885 ,1,1
-280.0385, 0.0322012, -27.1192 ,1,1
-280.9156, 0.04604369, -29.98793 ,1,1
-281.6674, 0.05841953, -32.89181 ,1,1
-282.3108, 0.06937861, -35.82188 ,1,1
-282.8622, 0.07899839, -38.77065 ,1,1
-283.3349, 0.08734193, -41.73312 ,1,1
-283.7378, 0.09442443, -44.70585 ,1,1
-284.0842, 0.1003682, -47.6859 ,1,1
-284.3762, 0.1050794, -50.67158 ,1,1
-284.6284, 0.1087691, -53.661 ,1,1
-284.8436, 0.1113999, -56.65314 ,1,1
-285.0272, 0.1129881, -59.64738 ,1,1
-285.1816, 0.1134577, -62.64349 ,1,1
-285.3177, 0.1130822, -65.64034 ,1,1
-285.433, 0.1116751, -68.63808 ,1,1
-285.5341, 0.1081642, -71.63642 ,1,1
-285.6111, 0.1010898, -74.63537 ,1,1
-285.688, 0.094015, -77.63447 ,1,1
-285.765, 0.08694059, -80.63341 ,1,1
-285.8419, 0.07986617, -83.63235 ,1,1
-285.9189, 0.07279137, -86.63145 ,1,1
-285.9958, 0.06571695, -89.63039 ,1,1
-286.0728, 0.05864215, -92.62949 ,1,1
-286.1497, 0.0515677, -95.62843 ,1,1
-286.2267, 0.04449329, -98.62737 ,1,1
-286.3036, 0.03741851, -101.6265 ,1,1
-286.385, 0.02941319, -104.6253 ,1,1
-286.4881, 0.01684684, -107.6234 ,1,1
-286.5912, 0.004279822, -110.6218 ,1,1
-286.6073, 0.02842036, -113.6207 ,1,1
-286.4601, 0.06575218, -116.6165 ,1,1
-286.1799, 0.09652722, -119.603 ,1,1
-285.7826, 0.1214568, -122.5761 ,1,1
-285.2782, 0.1409796, -125.5332 ,1,1
-284.6805, 0.1557457, -128.4729 ,1,1
-283.9989, 0.1661986, -131.3943 ,1,1
-283.2401, 0.1726498, -134.2966 ,1,1
-282.4148, 0.1756286, -137.1808 ,1,1
-281.5285, 0.175403, -140.0469 ,1,1
-280.588, 0.1723132, -142.8955 ,1,1
-279.6006, 0.1667366, -145.7283 ,1,1
-278.5672, 0.1587141, -148.5448 ,1,1
-277.4978, 0.1487643, -151.3476 ,1,1
-276.3964, 0.1371066, -154.1381 ,1,1
-275.2644, 0.123808, -156.9162 ,1,1
-274.1101, 0.1093274, -159.685 ,1,1
-272.9386, 0.0939348, -162.4469 ,1,1
-271.7625, 0.07832649, -165.2067 ,1,1
-270.5775, 0.06229302, -167.9628 ,1,1
-269.3924, 0.04626039, -170.7187 ,1,1
-268.2152, 0.03068858, -173.478 ,1,1
-267.0672, 0.01681486, -176.2497 ,1,1
-265.9675, 0.005657375, -179.0407 ,1,1
-264.9565, -0.0005814135, -181.8649 ,1,1
-263.9849, -0.002215922, -184.6997 ,1,1
-262.7285, -0.007963002, -187.4237 ,1,1
-261.369, -0.01133686, -190.0979 ,1,1
-259.9207, -0.01268974, -192.7249 ,1,1
-258.3972, -0.0123677, -195.3089 ,1,1
-256.8056, -0.01058024, -197.852 ,1,1
-255.1574, -0.007620931, -200.3584 ,1,1
-253.4588, -0.003683537, -202.8311 ,1,1
-251.7164, 0.001043528, -205.2733 ,1,1
-249.9317, 0.006449848, -207.6846 ,1,1
-248.1139, 0.01230612, -210.0712 ,1,1
-246.2636, 0.01850823, -212.4326 ,1,1
-244.3844, 0.02490219, -214.771 ,1,1
-242.4811, 0.0313369, -217.09 ,1,1
-240.5558, 0.03766918, -219.3905 ,1,1
-238.6102, 0.04374361, -221.6743 ,1,1
-236.6448, 0.04923323, -223.9407 ,1,1
-234.6686, 0.05403522, -226.1977 ,1,1
-232.6743, 0.05740047, -228.4389 ,1,1
-230.68, 0.06076556, -230.68 ,1,1
-228.6819, 0.06181276, -232.9177 ,1,1
-226.6783, 0.05963847, -235.1507 ,1,1
-224.6749, 0.05746433, -237.3835 ,1,1
-222.678, 0.05287462, -239.6225 ,1,1
-220.7026, 0.04178724, -241.8802 ,1,1
-218.765, 0.02334511, -244.1702 ,1,1
-217.0039, -0.0008443892, -246.5869 ,1,1
-215.6747, -0.005965412, -249.2764 ,1,1
-214.3914, -0.01387227, -251.9881 ,1,1
-213.1469, -0.02401438, -254.7177 ,1,1
-211.9423, -0.0363296, -257.465 ,1,1
-210.7749, -0.05056044, -260.2287 ,1,1
-209.6413, -0.06638578, -263.006 ,1,1
-208.5399, -0.08363065, -265.7965 ,1,1
-207.4706, -0.1021456, -268.5994 ,1,1
-206.4307, -0.1216901, -271.4133 ,1,1
-205.4198, -0.142107, -274.2378 ,1,1
-204.4364, -0.1631851, -277.0719 ,1,1
-203.4778, -0.1847019, -279.9144 ,1,1
-202.5425, -0.2064842, -282.7648 ,1,1
-201.6275, -0.228379, -285.6218 ,1,1
-200.7384, -0.2501797, -288.4868 ,1,1
-199.8719, -0.2715938, -291.3589 ,1,1
-199.0209, -0.292566, -294.2355 ,1,1
-198.1896, -0.3128451, -297.118 ,1,1
-197.3782, -0.3319263, -300.0061 ,1,1
-196.576, -0.3504485, -302.8969 ,1,1
-195.8016, -0.3662506, -305.7952 ,1,1
-195.0283, -0.381946, -308.6936 ,1,1
-194.2833, -0.3930147, -311.5998 ,1,1
-193.5391, -0.4039488, -314.506 ,1,1
-192.8129, -0.4092146, -317.4166 ,1,1
-192.0979, -0.4108705, -320.3303 ,1,1
-191.383, -0.4125264, -323.2437 ,1,1
-190.6755, -0.4065589, -326.159 ,1,1
-189.9795, -0.3886812, -329.0772 ,1,1
-189.2836, -0.3708045, -331.9953 ,1,1
-188.5876, -0.3529268, -334.9135 ,1,1
-187.8874, -0.316577, -337.8304 ,1,1
-187.1853, -0.2722597, -340.7467 ,1,1
-186.4652, -0.2064894, -343.6583 ,1,1
-185.7184, -0.1171838, -346.5623 ,1,1
-184.9218, -0.0002237856, -349.4522 ,1,1
-183.8095, -0.001521021, -352.2376 ,1,1
-182.5499, -0.003710508, -354.9599 ,1,1
-181.1298, -0.006583512, -357.6022 ,1,1
-179.5396, -0.01007801, -360.1452 ,1,1
-177.7708, -0.01409414, -362.5674 ,1,1
-175.8192, -0.01847729, -364.8442 ,1,1
-173.6868, -0.02301115, -366.9529 ,1,1
-171.3821, -0.02741927, -368.8718 ,1,1
-168.9204, -0.03137231, -370.5847 ,1,1
-166.3221, -0.03450438, -372.0826 ,1,1
-163.6109, -0.03643361, -373.3655 ,1,1
-160.8108, -0.0367755, -374.4407 ,1,1
-157.9436, -0.03515169, -375.3223 ,1,1
-155.0286, -0.03120065, -376.0296 ,1,1
-152.0804, -0.02453324, -376.583 ,1,1
-149.1106, -0.01475486, -377.0055 ,1,1
-146.1276, -0.001461297, -377.3212 ,1,1
-143.1364, 0.0160051, -377.5511 ,1,1
-140.1413, 0.03804103, -377.7228 ,1,1
-137.1447, 0.06816033, -377.8609 ,1,1
-134.1478, 0.09913585, -377.9963 ,1,1
-131.1572, 0.09117344, -378.225 ,1,1
-128.1597, 0.07792684, -378.3347 ,1,1
-125.1606, 0.07064316, -378.2714 ,1,1
-122.1712, 0.06886622, -378.0266 ,1,1
-119.2032, 0.07201013, -377.5926 ,1,1
-116.2698, 0.0792802, -376.9665 ,1,1
-113.3845, 0.08977434, -376.147 ,1,1
-110.5605, 0.1024546, -375.1372 ,1,1
-107.8085, 0.1162113, -373.9445 ,1,1
-105.1382, 0.1299294, -372.5783 ,1,1
-102.5573, 0.1425115, -371.0499 ,1,1
-100.0703, 0.1529409, -369.3733 ,1,1
-97.67922, 0.1603021, -367.5623 ,1,1
-95.38474, 0.1637654, -365.6299 ,1,1
-93.18492, 0.1626794, -363.5906 ,1,1
-91.07729, 0.1564295, -361.4556 ,1,1
-89.05886, 0.1445456, -359.2369 ,1,1
-87.1256, 0.126574, -356.9432 ,1,1
-85.27143, 0.1023233, -354.5849 ,1,1
-83.49345, 0.07142696, -352.1688 ,1,1
-81.78758, 0.03361186, -349.7015 ,1,1
-80.26376, 0, -347.1294 ,1,1
-79.19219, 0, -344.3273 ,1,1
-78.18562, 0, -341.501 ,1,1
-77.23878, 0, -338.6544 ,1,1
-76.34809, 0, -335.7896 ,1,1
-75.50754, 0, -332.9099 ,1,1
-74.71186, 0, -330.0175 ,1,1
-73.96453, 0, -327.1121 ,1,1
-73.25548, 0, -324.1972 ,1,1
-72.58357, 0, -321.2733 ,1,1
-71.94954, 0, -318.341 ,1,1
-71.35021, 0, -315.4016 ,1,1
-70.78204, 0, -312.456 ,1,1
-70.24413, 0, -309.5046 ,1,1
-69.73373, 0, -306.5484 ,1,1
-69.2505, 0, -303.5876 ,1,1
-68.79652, 0, -300.6223 ,1,1
-68.36604, 0, -297.6534 ,1,1
-67.95639, 0, -294.6816 ,1,1
-67.56617, 0, -291.7072 ,1,1
-67.20483, 0, -288.729 ,1,1
-66.85892, 0, -285.749 ,1,1
-66.53075, 0, -282.7671 ,1,1
-66.22742, 0, -279.7824 ,1,1
-65.93175, 0, -276.7971 ,1,1
-65.66613, 0, -273.8088 ,1,1
-65.40459, 0, -270.8202 ,1,1
-65.17031, 0, -267.8294 ,1,1
-64.9395, 0, -264.8382 ,1,1
-64.73647, 0, -261.8452 ,1,1
-64.53342, 0, -258.8521 ,1,1
-64.35886, 0, -255.8571 ,1,1
-64.18733, 0, -252.862 ,1,1
-64.03176, 0, -249.866 ,1,1
-63.89179, 0, -246.8693 ,1,1
-63.75182, 0, -243.8726 ,1,1
-63.64072, 0, -240.8746 ,1,1
-63.53223, 0, -237.8766 ,1,1
-63.42728, 0, -234.8784 ,1,1
-63.35042, 0, -231.8794 ,1,1
-63.27356, 0, -228.8805 ,1,1
-63.1978, 0, -225.8813 ,1,1
-63.15255, 0, -222.8817 ,1,1
-63.1073, 0, -219.882 ,1,1
-63.06204, 0, -216.8822 ,1,1
-63.03947, 0, -213.8824 ,1,1
-63.02562, 0, -210.8823 ,1,1
-63.01176, 0, -207.8824 ,1,1
-63.00198, 0, -204.8826 ,1,1
-63.0197, 0, -201.8825 ,1,1
-63.03742, 0, -198.8826 ,1,1
-63.05514, 0, -195.8826 ,1,1
-63.07791, 0, -192.8827 ,1,1
-63.12728, 0, -189.8832 ,1,1
-63.17665, 0, -186.8835 ,1,1
-63.22602, 0, -183.884 ,1,1
-63.27539, 0, -180.8845 ,1,1
-63.35223, 0, -177.8854 ,1,1
-63.43303, 0, -174.8866 ,1,1
-63.51383, 0, -171.8875 ,1,1
-63.59464, 0, -168.8887 ,1,1
-63.68287, 0, -165.8901 ,1,1
-63.7951, 0, -162.8921 ,1,1
-63.90732, 0, -159.8943 ,1,1
-64.01954, 0, -156.8965 ,1,1
-64.13176, 0, -153.8985 ,1,1
-64.24996, 0, -150.9009 ,1,1
-64.39376, 0, -147.9043 ,1,1
-64.53756, 0, -144.9077 ,1,1
-64.68135, 0, -141.9112 ,1,1
-64.82515, 0, -138.9145 ,1,1
-64.96895, 0, -135.918 ,1,1
-65.13497, 0, -132.9225 ,1,1
-65.31022, 0, -129.9277 ,1,1
-65.48546, 0, -126.9329 ,1,1
-65.66071, 0, -123.938 ,1,1
-65.83595, 0, -120.9431 ,1,1
-66.01118, 0, -117.9483 ,1,1
-66.21484, 0, -114.9552 ,1,1
-66.42132, 0, -111.9623 ,1,1
-66.6278, 0, -108.9693 ,1,1
-66.83427, 0, -105.9765 ,1,1
-67.04073, 0, -102.9837 ,1,1
-67.24722, 0, -99.99066 ,1,1
-67.47765, 0, -96.99963 ,1,1
-67.71607, 0, -94.00905 ,1,1
-67.95448, 0, -91.01862 ,1,1
-68.1929, 0, -88.02819 ,1,1
-68.43133, 0, -85.03761 ,1,1
-68.66975, 0, -82.04718 ,1,1
-68.90816, 0, -79.05676 ,1,1
-69.1572, 0, -76.06701 ,1,1
-69.41138, 0, -73.07782 ,1,1
-69.66557, 0, -70.08848 ,1,1
-69.91779, 0, -67.09911 ,1,1
-70.13531, 0.0002187788, -64.1077 ,1,1
-70.3993, 0.0008467138, -61.11917 ,1,1
-70.66328, 0.001474619, -58.13081 ,1,1
-70.90641, 0.00177902, -55.14058 ,1,1
-71.14058, 0.001944602, -52.14978 ,1,1
-71.35534, 0.001851767, -49.15754 ,1,1
-71.55891, 0.001611412, -46.16431 ,1,1
-71.73341, 0.00103724, -43.16959 ,1,1
-71.88793, 0.0002650619, -40.17371 ,1,1
-72.01616, -0.0007455349, -37.17639 ,1,1
-72.11272, -0.002003312, -34.17812 ,1,1
-72.1714, -0.003505141, -31.17866 ,1,1
-72.18267, -0.005243808, -28.17873 ,1,1
-72.13833, -0.007171154, -25.17911 ,1,1
-72.02116, -0.009221673, -22.18123 ,1,1
-71.81395, -0.0112524, -19.18876 ,1,1
-71.48524, -0.01299441, -16.20714 ,1,1
-70.99451, -0.01392898, -13.24752 ,1,1
-70.2849, -0.01305312, -10.33357 ,1,1
-69.29102, -0.008523345, -7.504741 ,1,1
-67.86477, 0, -4.893317 ,1,1
-65.41817, 0, -3.170853 ,1,1
-62.68188, 0, -1.947152 ,1,1
-59.82339, 0, -1.04082 ,1,1
-56.90463, 0, -0.3503652 ,1,1
-53.95312, 0, 0.1847367 ,1,1
-50.98219, 0, 0.5999141 ,1,1
-47.99946, 0, 0.9210293 ,1,1
-45.00952, 0, 1.165582 ,1,1
-42.01505, 0, 1.344575 ,1,1
-39.01766, 0, 1.468337 ,1,1
-36.0187, 0, 1.545118 ,1,1
-33.0188, 0, 1.579745 ,1,1
-30.0188, 0, 1.573905 ,1,1
-27.01904, 0, 1.534714 ,1,1
-24.01982, 0, 1.46493 ,1,1
-21.02141, 0, 1.367117 ,1,1
-18.02387, 0, 1.243329 ,1,1
-15.02784, 0, 1.088449 ,1,1
-12.03314, 0, 0.9104316 ,1,1
-9.039771, 0, 0.7102685 ,1,1
-6.048237, 0, 0.4870718 ,1,1
-3.058689, 0, 0.2371978 ,1,1
